metric,value
Mean Glucose (mmol/L),6.549971424844127
Median Glucose (mmol/L),6.542316262366074
Standard Deviation,1.1843631655458595
Coefficient of Variation (%),18.081959274716137
Time in Target Range (%),98.71095686663361
Time Below Target (%),1.0907288051561725
Time Above Target (%),0.19831432821021316
